Source,Target,weight
ASIL,AWAL,1
ASIL,ASGL,1
ASIL,AFDL,1
ASIL,AWCL,1
ASIL,AIML,1
ASIL,AIAL,1
ASIL,AIBL,1
ASIR,ASGR,1
ASIR,AFDR,1
ASIR,AWCR,1
ASIR,ASKR,1
ASIR,AIAR,1
ASJL,ASKL,1
ASJL,OLQDL,1
ASJL,PVQL,1
ASJL,URADL,1
ASJR,ASKR,1
ASJR,AIMR,1
ASJR,PVQR,1
ASJR,RIFR,1
ASJR,RMGR,1
ASJR,AVBL,1
AWAL,AWBL,1
AWAL,ASEL,1
AWAL,ADFL,1
AWAL,AFDL,1
AWAL,AIYL,1
AWAL,AUAL,1
AWAL,AIZL,1
AWAL,RIBL,1
AWAR,AWBR,1
AWAR,ADFR,1
AWAR,AFDR,1
AWAR,ADLR,1
AWAR,AIYR,1
AWAR,AIZR,1
ASGL,ASEL,1
ASGL,ADLL,1
ASGL,AIML,1
ASGL,AIAL,1
ASGL,AIZL,1
ASGL,RICL,1
ASGR,ADFR,1
ASGR,ADLR,1
ASGR,AIMR,1
ASGR,AIAR,1
ASGR,AIBR,1
AWBL,ADFL,1
AWBL,AIYL,1
AWBL,AIZL,1
AWBL,AVHL,1
AWBL,RIBL,1
AWBL,RIAL,1
AWBL,SMBVL,1
AWBR,ADFR,1
AWBR,AIYR,1
AWBR,AIZR,1
AWBR,AVHR,1
AWBR,RIBR,1
AWBR,RIAR,1
ASEL,AWCL,1
ASEL,ASKL,1
ASEL,AIYL,1
ASEL,RIBL,1
ASEL,AIBL,1
ASER,AFDR,1
ASER,ADLR,1
ASER,BAGL,1
ASER,AIYR,1
ASER,AIAR,1
ASER,AIZR,1
ASER,AIBR,1
ADFL,ASHL,1
ADFL,OLQVL,1
ADFL,AUAL,1
ADFL,AIZL,1
ADFL,ADAL,1
ADFL,AVHL,1
ADFL,RIBL,1
ADFL,RIGL,1
ADFL,RIAL,1
ADFL,SMBVL,1
ADFR,AFDR,1
ADFR,RIR,1
ADFR,AIYR,1
ADFR,AUAR,1
ADFR,AIZR,1
ADFR,AVHR,1
ADFR,RIAR,1
ADFR,RIPR,1
ADFR,SMBDR,1
ADFR,SMBVR,1
AFDL,AINR,1
AFDL,AIYL,1
AFDR,BAGL,1
AFDR,AINL,1
AFDR,AIYR,1
AFDR,AUAR,1
AWCL,ASKL,1
AWCL,AIYL,1
AWCL,AIAL,1
AWCL,AIBL,1
AWCL,CEMVL,1
AWCR,CEPVR,1
AWCR,AIYR,1
AWCR,AIBR,1
AWCR,CEMVR,1
ASKL,ASHL,1
ASKL,ADLL,1
ASKL,AINR,1
ASKL,AIML,1
ASKL,AIAL,1
ASKL,PVQL,1
ASKL,AIBL,1
ASKR,ASHR,1
ASKR,AIMR,1
ASKR,AIAR,1
ASKR,PVQR,1
ASKR,RIFR,1
ASHL,ADLL,1
ASHL,AIAL,1
ASHL,PVQL,1
ASHL,RIFL,1
ASHL,AVFL,1
ASHL,AIBL,1
ASHL,AVDR,1
ASHL,RIAL,1
ASHL,AVBL,1
ASHL,SMBVL,1
ASHR,ADLR,1
ASHR,AIAR,1
ASHR,PVQR,1
ASHR,AVHR,1
ASHR,AIBR,1
ASHR,AVDL,1
ASHR,AVBR,1
ADLL,CEPDL,1
ADLL,PVQL,1
ADLL,AVFL,1
ADLL,AVHL,1
ADLL,PVPL,1
ADLL,AIBL,1
ADLL,AVJL,1
ADLL,AVDR,1
ADLL,SMBVL,1
ADLR,AIAR,1
ADLR,AIZR,1
ADLR,AVFR,1
ADLR,AVHR,1
ADLR,PVPR,1
ADLR,AIBR,1
ADLR,AVDL,1
ADLR,SMBVR,1
BAGL,AQR,1
BAGL,AINL,1
BAGL,RIH,1
BAGL,AIYR,1
BAGL,AUAR,1
BAGL,RIBR,1
BAGL,RIGR,1
BAGL,AIBR,1
BAGL,RIAR,1
BAGL,RMFR,1
BAGL,CEMVR,1
URXL,CEPDL,1
URXL,RMGL,1
URXL,RMDR,1
URXR,IL2R,1
URXR,CEPVR,1
URXR,IL1R,1
URXR,AIMR,1
URXR,AUAR,1
URXR,RIGR,1
URXR,RMGR,1
URXR,RICL,1
URXR,RIAR,1
URXR,AVER,1
URXR,AVAR,1
ALNL,RIGL,1
ALNL,RMGL,1
ALNL,SAAVL,1
ALNL,SAAVR,1
ALNL,RIMR,1
ALNL,AVAR,1
ALNL,SMDDR,1
ALNL,SMBDR,1
ALNL,SIADR,1
ALNL,R9BL,1
ALNR,RMGR,1
ALNR,SAAVR,1
ALNR,SMDDL,1
ALNR,SMDVR,1
ALNR,SMBDL,1
ALNR,SIAVR,1
PLNL,RIGL,1
PLNL,RMGL,1
PLNL,SAADL,1
PLNL,SAAVL,1
PLNL,RMDVR,1
PLNL,SMDVR,1
PLNL,SMBVL,1
PLNL,SIAVL,1
PLNL,SIAVR,1
PLNL,R9BL,1
PLNR,RIGR,1
PLNR,RMGR,1
PLNR,SAADR,1
PLNR,SMDDR,1
PLNR,SMBVR,1
PLNR,R6AR,1
PLNR,R7BR,1
SDQL,SDQR,1
SDQL,SAADR,1
SDQL,SMBDR,1
SDQL,SIADR,1
SDQR,SDQR,1
SDQR,ALMR,1
SDQR,FLPL,1
SDQR,FLPR,1
SDQR,DVA,1
SDQR,PVR,1
SDQR,AVBL,1
SDQR,AVBR,1
SDQR,PVCL,1
SDQR,RIVL,1
SDQR,RIVR,1
SDQR,SMBDL,1
SDQR,SIADL,1
AQR,ALMR,1
AQR,FLPL,1
AQR,DVA,1
AQR,ADEL,1
AQR,PVPR,1
AQR,AVDL,1
AQR,AVDR,1
AQR,RIAL,1
AQR,RIAR,1
AQR,AVBL,1
AQR,AVBR,1
AQR,AVAR,1
AQR,PVCL,1
AQR,PVCR,1
AQR,MCML,1
AQR,MCMR,1
PQR,PHBL,1
PQR,AVFL,1
PQR,AVFR,1
PQR,PVPL,1
PQR,LUAL,1
PQR,PVNL,1
PQR,PVNR,1
PQR,AVG,1
PQR,AVJL,1
PQR,AVDL,1
PQR,AVDR,1
PQR,PVWL,1
PQR,AVBR,1
PQR,AVAL,1
PQR,AVAR,1
PQR,DA06,1
PQR,DA08,1
PQR,DB06,1
PQR,DD05,1
PQR,VA11,1
PQR,VA12,1
PQR,VB09,1
PQR,VB10,1
PQR,R1BR,1
PQR,R3BL,1
PQR,R3BR,1
PQR,R7BL,1
PQR,R7BR,1
PQR,R9BL,1
PQR,SPVR,1
PQR,PVX,1
PQR,PVY,1
PQR,EF02,1
PQR,EF03,1
ALML,CEPDL,1
ALML,CEPVL,1
ALML,BDUL,1
ALML,AVJL,1
ALML,AVBR,1
ALML,PVCL,1
ALML,MCML,1
ALMR,CEPDR,1
ALMR,CEPVR,1
ALMR,BDUR,1
ALMR,RMGR,1
ALMR,AVDL,1
ALMR,AVBL,1
ALMR,PVCR,1
AVM,RIFR,1
AVM,BDUR,1
AVM,AVHL,1
AVM,RIBR,1
AVM,AVJL,1
AVM,AVDR,1
AVM,RIMR,1
AVM,AVBL,1
AVM,AVBR,1
AVM,PVCL,1
AVM,PVCR,1
AVM,SMBVL,1
AVM,MCMR,1
AVM,EF03,1
PVM,PVM,1
PVM,DVA,1
PVM,PDEL,1
PVM,PDER,1
PVM,AVKL,1
PVM,AVKR,1
PLML,DVA,1
PLML,PDEL,1
PLML,PDER,1
PLML,AVDR,1
PLML,AVAL,1
PLML,VA09,1
PLML,VA10,1
PLML,VB07,1
PLML,VB08,1
PLML,R1AL,1
PLMR,DVA,1
PLMR,PDEL,1
PLMR,PDER,1
PLMR,AVDL,1
PLMR,AVDR,1
PLMR,AVAL,1
PLMR,AVAR,1
PLMR,AS11,1
PLMR,R6AR,1
FLPL,FLPR,1
FLPL,RIS,1
FLPL,PVR,1
FLPL,RIGR,1
FLPL,AIBL,1
FLPL,DVC,1
FLPL,AVDL,1
FLPL,AVEL,1
FLPL,AVBL,1
FLPL,AVAL,1
FLPL,AVAR,1
FLPL,PVCL,1
FLPL,SMDDR,1
FLPR,FLPR,1
FLPR,AIBL,1
FLPR,AIBR,1
FLPR,RIML,1
FLPR,AVAL,1
FLPR,AVAR,1
FLPR,RIVR,1
DVA,DVA,1
DVA,PVDR,1
DVA,ADEL,1
DVA,PDEL,1
DVA,PDER,1
DVA,PHAR,1
DVA,RIH,1
DVA,RIR,1
DVA,AUAR,1
DVA,AIZL,1
DVA,AIZR,1
DVA,PVR,1
DVA,AVHL,1
DVA,AIBR,1
DVA,SAADR,1
DVA,SAAVL,1
DVA,SAAVR,1
DVA,AVKL,1
DVA,AVDR,1
DVA,RIAL,1
DVA,RIAR,1
DVA,RIMR,1
DVA,AVEL,1
DVA,AVER,1
DVA,AVAR,1
DVA,PVCL,1
DVA,SABD,1
DVA,SMBDR,1
DVA,SMBVL,1
DVA,SMBVR,1
DVA,DB03,1
DVA,DB04,1
DVA,DB06,1
DVA,VB08,1
DVA,R1BR,1
PVDL,PVDR,1
PVDL,ALA,1
PVDL,AVFL,1
PVDL,AVFR,1
PVDL,PVPL,1
PVDL,PVNL,1
PVDL,AVG,1
PVDL,AVDL,1
PVDL,AVDR,1
PVDL,AVAL,1
PVDL,AVAR,1
PVDL,PVCL,1
PVDL,PVCR,1
PVDL,DD05,1
PVDL,VD10,1
PVDL,SPVL,1
PVDL,PVZ,1
PVDR,ALA,1
PVDR,PVR,1
PVDR,PVNR,1
PVDR,DVC,1
PVDR,AVDL,1
PVDR,AVAL,1
PVDR,AVAR,1
PVDR,PVCL,1
PVDR,PVCR,1
PVDR,VA09,1
PVDR,VA12,1
PVDR,VB05,1
PVDR,VB06,1
PVDR,R1BR,1
PVDR,PVV,1
ADEL,ADER,1
ADEL,RIH,1
ADEL,PVQL,1
ADEL,RIGL,1
ADEL,RIGR,1
ADEL,RMGL,1
ADEL,AVKL,1
ADEL,AVAR,1
ADEL,RIVR,1
ADER,RIGL,1
ADER,RIGR,1
ADER,AVAL,1
ADER,RIVL,1
ADER,RIVR,1
PDEL,PDER,1
PDEL,PVR,1
PDEL,AVKL,1
PDEL,AVKR,1
PDEL,PVCL,1
PDEL,VA10,1
PDEL,VB09,1
PDEL,R1BR,1
PDER,PDER,1
PDER,PVR,1
PDER,AVKL,1
PDER,PVCL,1
PDER,DB06,1
PDER,VA10,1
PDER,VB07,1
PDER,VB10,1
PDER,VB11,1
PDER,VD12,1
PDER,R1BR,1
PHAL,PHAR,1
PHAL,PHBL,1
PHAL,PHCL,1
PHAL,AVFL,1
PHAL,LUAL,1
PHAL,AVAL,1
PHAL,PVCL,1
PHAL,DA08,1
PHAL,R3BL,1
PHAL,R3BR,1
PHAL,R5BR,1
PHAL,R7BL,1
PHAL,R7BR,1
PHAL,R8AL,1
PHAL,R8AR,1
PHAL,R9AL,1
PHAL,PVX,1
PHAL,DX01,1
PHAL,EF03,1
PHAL,CP07,1
PHAR,PHBR,1
PHAR,PHCL,1
PHAR,PHCR,1
PHAR,PVQR,1
PHAR,AVFL,1
PHAR,AVG,1
PHAR,AVAL,1
PHAR,PVCR,1
PHAR,DA09,1
PHAR,PDA,1
PHAR,R1BR,1
PHAR,R3BL,1
PHAR,R3BR,1
PHAR,R5BR,1
PHAR,R6BR,1
PHAR,R8AL,1
PHAR,R8AR,1
PHAR,R9BL,1
PHAR,PCAL,1
PHAR,PCAR,1
PHAR,PVX,1
PHAR,PVY,1
PHAR,PVZ,1
PHAR,EF01,1
PHAR,EF02,1
PHAR,CP07,1
PHBL,PHBR,1
PHBL,PHCL,1
PHBL,PVQR,1
PHBL,AVHR,1
PHBL,AVG,1
PHBL,R3BR,1
PHBL,R8AL,1
PHBL,R9AL,1
PHBL,HOA,1
PHBL,HOB,1
PHBL,PCBL,1
PHBL,PVX,1
PHBL,PVY,1
PHBL,DVE,1
PHBL,DVF,1
PHBL,DX01,1
PHBL,DX03,1
PHBL,EF03,1
PHBL,CA07,1
PHBR,PHCL,1
PHBR,PHCR,1
PHBR,PVQL,1
PHBR,PVQR,1
PHBR,AVHR,1
PHBR,AVG,1
PHBR,PDB,1
PHBR,R3BR,1
PHBR,R6BR,1
PHBR,R9AR,1
PHBR,R9BL,1
PHBR,HOA,1
PHBR,PCAR,1
PHBR,PVX,1
PHBR,PVY,1
PHBR,DVE,1
PHBR,EF01,1
PHBR,EF02,1
PHBR,CA07,1
PHBR,CP07,1
PHCL,PHCL,1
PHCL,PHCR,1
PHCL,PVPL,1
PHCL,PVNL,1
PHCL,PVNR,1
PHCL,AVG,1
PHCL,AVBL,1
PHCL,PDA,1
PHCL,AS11,1
PHCL,R1AL,1
PHCL,R2AL,1
PHCL,R2AR,1
PHCL,R2BL,1
PHCL,R3BR,1
PHCL,R4BL,1
PHCL,R4BR,1
PHCL,R5BL,1
PHCL,R7AR,1
PHCL,R8AL,1
PHCL,R8AR,1
PHCL,R8BL,1
PHCL,R8BR,1
PHCL,R9AL,1
PHCL,R9AR,1
PHCL,HOA,1
PHCL,HOB,1
PHCL,PCAL,1
PHCL,PCBL,1
PHCL,PCBR,1
PHCL,SPDL,1
PHCL,PVX,1
PHCL,PVY,1
PHCL,PGA,1
PHCL,CA06,1
PHCL,CA07,1
PHCL,CP01,1
PHCL,CP02,1
PHCL,CP03,1
PHCL,CP06,1
PHCR,AVHR,1
PHCR,PVNR,1
PHCR,AVG,1
PHCR,PDA,1
PHCR,DB07,1
PHCR,AS11,1
PHCR,PDB,1
PHCR,DD06,1
PHCR,R2AL,1
PHCR,R2BL,1
PHCR,R2BR,1
PHCR,R3BR,1
PHCR,R4BL,1
PHCR,R4BR,1
PHCR,R6AR,1
PHCR,R7AL,1
PHCR,R8AL,1
PHCR,R8AR,1
PHCR,R8BL,1
PHCR,R8BR,1
PHCR,R9AR,1
PHCR,HOA,1
PHCR,HOB,1
PHCR,PCAL,1
PHCR,PCAR,1
PHCR,PCBR,1
PHCR,SPCR,1
PHCR,SPDR,1
PHCR,PVX,1
PHCR,PVY,1
PHCR,PVZ,1
PHCR,CA05,1
PHCR,CP04,1
IL2DL,OLQDL,1
IL2DL,IL1DL,1
IL2DL,RICR,1
IL2DL,RIPL,1
IL2DL,URADL,1
IL2DL,CEMDL,1
IL2DR,URYDR,1
IL2DR,OLQDR,1
IL2DR,IL1DR,1
IL2DR,RIH,1
IL2DR,RICL,1
IL2DR,RIPR,1
IL2DR,URADR,1
IL2DR,RMEL,1
IL2DR,RMER,1
IL2DR,RMED,1
IL2DR,RMEV,1
IL2L,OLQDL,1
IL2L,OLQVL,1
IL2L,RIH,1
IL2L,URBL,1
IL2L,RICR,1
IL2L,RMER,1
IL2L,RMDR,1
IL2L,SMBVL,1
IL2R,OLLR,1
IL2R,OLQDR,1
IL2R,OLQVR,1
IL2R,IL1R,1
IL2R,IL1VR,1
IL2R,RIH,1
IL2R,URBR,1
IL2R,RIBR,1
IL2R,RICL,1
IL2R,RICR,1
IL2R,RMEL,1
IL2R,RMDR,1
IL2R,SMBVR,1
IL2VL,CEPVL,1
IL2VL,OLQVL,1
IL2VL,IL1VL,1
IL2VL,RIH,1
IL2VL,RIAL,1
IL2VL,RIPL,1
IL2VL,URAVL,1
IL2VL,RMEL,1
IL2VL,RMER,1
IL2VL,RMED,1
IL2VL,RMEV,1
IL2VL,CEMVL,1
IL2VR,CEPVR,1
IL2VR,OLQVR,1
IL2VR,IL1VR,1
IL2VR,RIH,1
IL2VR,RIPR,1
IL2VR,URAVR,1
IL2VR,RMEL,1
IL2VR,RMER,1
IL2VR,RMED,1
CEPDL,OLQDL,1
CEPDL,IL1DL,1
CEPDL,IL1L,1
CEPDL,RIH,1
CEPDL,URBL,1
CEPDL,RMGL,1
CEPDL,RICR,1
CEPDL,AVEL,1
CEPDL,AVAR,1
CEPDL,RMDR,1
CEPDL,RMHL,1
CEPDL,RMHR,1
CEPDL,SMDDL,1
CEPDL,SMBDR,1
CEPDL,SIADR,1
CEPDL,CEMDL,1
CEPDR,OLLR,1
CEPDR,OLQDR,1
CEPDR,IL1DR,1
CEPDR,RIH,1
CEPDR,URBR,1
CEPDR,RIBR,1
CEPDR,RICL,1
CEPDR,RICR,1
CEPDR,AVEL,1
CEPDR,RIPR,1
CEPDR,URADR,1
CEPDR,RMHL,1
CEPDR,SMBDL,1
CEPDR,SIAVR,1
CEPDR,CEMDR,1
CEPVL,OLQVL,1
CEPVL,IL1VL,1
CEPVL,AINR,1
CEPVL,AIML,1
CEPVL,RIH,1
CEPVL,RICL,1
CEPVL,RICR,1
CEPVL,AVAR,1
CEPVL,RIPL,1
CEPVL,URAVL,1
CEPVL,RIVR,1
CEPVL,RMHL,1
CEPVL,RMHR,1
CEPVL,SIAVL,1
CEPVL,CEMVL,1
CEPVR,OLLR,1
CEPVR,OLQVR,1
CEPVR,IL1VR,1
CEPVR,AINL,1
CEPVR,RIH,1
CEPVR,RIS,1
CEPVR,PVR,1
CEPVR,RIBR,1
CEPVR,RICL,1
CEPVR,RICR,1
CEPVR,RIAR,1
CEPVR,AVEL,1
CEPVR,AVER,1
CEPVR,RIPR,1
CEPVR,URAVR,1
CEPVR,RMDDR,1
CEPVR,RMHL,1
CEPVR,RMHR,1
CEPVR,SMDDR,1
CEPVR,SMDVL,1
CEPVR,SIAVR,1
CEPVR,CEMVR,1
CEPVR,MCMR,1
URYDR,RMFR,1
URYDR,CEMDR,1
URYVL,ADAL,1
URYVL,RID,1
URYVR,RIGR,1
OLLL,IL1DL,1
OLLL,IL1L,1
OLLL,IL1VL,1
OLLL,URBL,1
OLLL,RIBL,1
OLLL,AVER,1
OLLL,RMDDL,1
OLLL,RMDL,1
OLLL,RMDR,1
OLLL,RMDVL,1
OLLL,SMDDL,1
OLLL,SMDDR,1
OLLL,SMDVR,1
OLLR,IL1R,1
OLLR,IL1VR,1
OLLR,RIBR,1
OLLR,RIGR,1
OLLR,RMGR,1
OLLR,AVEL,1
OLLR,RMER,1
OLLR,RMDDR,1
OLLR,RMDR,1
OLLR,RMDVR,1
OLLR,SMDVL,1
OLQDL,OLQDL,1
OLQDL,IL1DL,1
OLQDL,RIH,1
OLQDL,RICR,1
OLQDL,RMDDR,1
OLQDL,SMBDR,1
OLQDL,SIBVL,1
OLQDR,RIH,1
OLQDR,RICL,1
OLQDR,RICR,1
OLQDR,RIAR,1
OLQDR,RIPR,1
OLQDR,RMDDL,1
OLQDR,RMDVR,1
OLQDR,SIBVR,1
OLQVL,IL1VL,1
OLQVL,RIGL,1
OLQVL,RICL,1
OLQVL,RIAL,1
OLQVL,RMDVR,1
OLQVL,RMHL,1
OLQVL,SIBDL,1
OLQVR,IL1VR,1
OLQVR,RIH,1
OLQVR,AVFR,1
OLQVR,RIGR,1
OLQVR,RICR,1
OLQVR,RMER,1
OLQVR,RMDVL,1
OLQVR,SMBVR,1
OLQVR,SIBDR,1
IL1DL,RIAL,1
IL1DL,RIPL,1
IL1DL,RMDVL,1
IL1DL,SMBDR,1
IL1DR,IL1R,1
IL1DR,RIPR,1
IL1DR,RMDVR,1
IL1L,RMER,1
IL1L,RMDDL,1
IL1L,RMDL,1
IL1L,RMDR,1
IL1L,RMDVL,1
IL1L,RMHR,1
IL1R,RIH,1
IL1R,RIBR,1
IL1R,RMEL,1
IL1R,RMDDL,1
IL1R,RMDDR,1
IL1R,RMDVL,1
IL1R,RMDVR,1
IL1R,RMHL,1
IL1VL,RIGL,1
IL1VL,AIBR,1
IL1VL,RIAL,1
IL1VL,RIPL,1
IL1VL,URAVL,1
IL1VL,RMDDL,1
IL1VL,RMDVR,1
IL1VR,RIPR,1
IL1VR,RMER,1
IL1VR,RMDDR,1
IL1VR,SMDVL,1
AINL,AUAR,1
AINL,CEMVR,1
AINR,AIYL,1
AINR,AIAL,1
AINR,AUAL,1
AINR,ADAL,1
AINR,RIBL,1
AINR,RIGL,1
AINR,AIBL,1
AINR,RIAL,1
AINR,AVEL,1
AIML,AIAL,1
AIML,PVQL,1
AIML,AIBL,1
AIML,RICL,1
AIML,RID,1
AIMR,AIAR,1
AIMR,AIBR,1
RIH,RIH,1
RIH,AIYL,1
RIH,AIYR,1
RIH,AUAR,1
RIH,AIZL,1
RIH,AIZR,1
RIH,RIS,1
RIH,RIBR,1
RIH,RIAL,1
RIH,RIAR,1
RIH,AVEL,1
RIH,RIPR,1
RIH,URAVR,1
RIH,RMEV,1
RIH,SMDVL,1
RIH,CEMVR,1
URBL,RMER,1
URBL,RMDDR,1
URBL,RMDL,1
URBR,RMGR,1
RIR,AIYL,1
RIR,AUAR,1
RIR,AIZL,1
RIR,AIZR,1
RIR,AVHR,1
RIR,RIGL,1
RIR,RIGR,1
RIR,RIAL,1
RIR,RIAR,1
RIR,AVEL,1
AIYL,AIAL,1
AIYL,AUAL,1
AIYL,AIZL,1
AIYL,AIZR,1
AIYL,RIFL,1
AIYL,RIBL,1
AIYL,RIAL,1
AIYL,RIAR,1
AIYL,CEMVL,1
AIYR,AIAR,1
AIYR,AIZR,1
AIYR,RIBR,1
AIYR,RIAR,1
AIYR,SIBDR,1
AIAL,AIAL,1
AIAL,AIZL,1
AIAL,PVQL,1
AIAL,RIFL,1
AIAL,AIBL,1
AIAL,CEMVL,1
AIAR,AIZR,1
AIAR,PVQR,1
AIAR,AVHR,1
AIAR,AIBR,1
AUAL,RIBL,1
AUAL,RIAL,1
AUAL,AVEL,1
AUAL,AVAL,1
AUAR,AVHR,1
AUAR,RIBR,1
AUAR,RIAR,1
AIZL,AIBR,1
AIZL,AVKR,1
AIZL,RIAL,1
AIZL,RIAR,1
AIZL,RIML,1
AIZL,AVER,1
AIZL,SMBDL,1
AIZL,SMBVL,1
AIZL,SMBVR,1
AIZR,AIZR,1
AIZR,AIBL,1
AIZR,AVKR,1
AIZR,RIAR,1
AIZR,RIMR,1
AIZR,AVEL,1
AIZR,SMBDL,1
AIZR,SMBDR,1
AIZR,SMBVL,1
AIZR,SMBVR,1
RIS,RIS,1
RIS,RIBL,1
RIS,RIBR,1
RIS,AVKL,1
RIS,AVKR,1
RIS,AVL,1
RIS,RIML,1
RIS,RIMR,1
RIS,AVEL,1
RIS,AVER,1
RIS,RMED,1
RIS,RMEV,1
RIS,RMDL,1
RIS,RMDR,1
RIS,RMDVL,1
RIS,RIVR,1
RIS,SMDDR,1
RIS,SMBVR,1
ALA,AVEL,1
ALA,AVER,1
PVQL,AVFL,1
PVQL,AVBL,1
PVQL,DVF,1
PVQL,CA05,1
PVQR,AVFR,1
PVQR,AVG,1
PVQR,AVJR,1
PVQR,PDA,1
PVQR,PDB,1
PVQR,VD13,1
PVQR,MCMR,1
PVQR,R2AL,1
PVQR,DVF,1
PVQR,EF01,1
PVQR,EF02,1
PVQR,EF03,1
PVQR,CA05,1
PVQR,CP05,1
ADAL,RIFL,1
ADAL,RIBL,1
ADAL,RIGL,1
ADAL,AIBL,1
ADAL,RICR,1
ADAL,SAADL,1
ADAL,DVC,1
ADAL,AVJL,1
ADAL,AVL,1
ADAL,RIAL,1
ADAL,RIML,1
ADAL,RMFL,1
ADAL,AVBL,1
ADAL,RIPL,1
ADAL,MCML,1
RIFL,AVFL,1
RIFL,AVFR,1
RIFL,PVPL,1
RIFL,AIBL,1
RIFL,RIML,1
RIFL,AVBL,1
RIFL,AVBR,1
RIFL,SMBVL,1
RIFL,SIBVL,1
RIFL,MCML,1
RIFR,RIFR,1
RIFR,AVFR,1
RIFR,AVHR,1
RIFR,PVPR,1
RIFR,RIMR,1
RIFR,AVEL,1
RIFR,AVBL,1
RIFR,AVBR,1
RIFR,MCMR,1
RIFR,EF01,1
RIFR,EF02,1
RIFR,EF03,1
BDUL,SAADL,1
BDUL,MCML,1
BDUR,RMGR,1
BDUR,MCMR,1
PVR,LUAR,1
PVR,AVBR,1
PVR,PVCL,1
PVR,RIPR,1
PVR,SABD,1
PVR,DA06,1
PVR,DA08,1
PVR,DB04,1
PVR,DB06,1
PVR,R4AR,1
PVR,R9BL,1
AVFL,AVFR,1
AVFL,PVPL,1
AVFL,PVPR,1
AVFL,LUAR,1
AVFL,PVNL,1
AVFL,PVNR,1
AVFL,AVG,1
AVFL,AVDR,1
AVFL,RIML,1
AVFL,AVBL,1
AVFL,AVBR,1
AVFL,AVAR,1
AVFL,PVCR,1
AVFL,DA09,1
AVFL,VA12,1
AVFL,CEMVL,1
AVFL,MCML,1
AVFL,R1AL,1
AVFL,R1BR,1
AVFL,R3BL,1
AVFL,R3BR,1
AVFL,R5BR,1
AVFL,R6BL,1
AVFL,R6BR,1
AVFL,R7BL,1
AVFL,R7BR,1
AVFL,R8AR,1
AVFL,R9AR,1
AVFL,R9BL,1
AVFL,PCAR,1
AVFL,PVV,1
AVFL,PVX,1
AVFL,PVY,1
AVFL,EF01,1
AVFL,EF02,1
AVFR,AVHL,1
AVFR,PVPL,1
AVFR,LUAL,1
AVFR,LUAR,1
AVFR,PVNL,1
AVFR,PVNR,1
AVFR,AVDL,1
AVFR,AVL,1
AVFR,PVWL,1
AVFR,AVBR,1
AVFR,AVAR,1
AVFR,PVCL,1
AVFR,DA08,1
AVFR,AS11,1
AVFR,VA12,1
AVFR,VD13,1
AVFR,CEMVR,1
AVFR,MCML,1
AVFR,MCMR,1
AVFR,R1BR,1
AVFR,R3AL,1
AVFR,R3BL,1
AVFR,R3BR,1
AVFR,R4AR,1
AVFR,R5BR,1
AVFR,R7AL,1
AVFR,R7BL,1
AVFR,R7BR,1
AVFR,R9AL,1
AVFR,PVV,1
AVFR,PVX,1
AVFR,PVY,1
AVFR,DX01,1
AVFR,EF01,1
AVFR,EF02,1
AVFR,EF03,1
AVHL,PVPL,1
AVHL,AVG,1
AVHL,RICL,1
AVHL,AVDR,1
AVHL,SABD,1
AVHL,SMBVL,1
AVHL,SIAVL,1
AVHL,PDB,1
AVHL,MCML,1
AVHL,PCAR,1
AVHL,DVF,1
AVHL,CA07,1
AVHR,PVPR,1
AVHR,AVG,1
AVHR,AVJL,1
AVHR,SMBVR,1
AVHR,PDB,1
AVHR,R3BR,1
AVHR,PCAR,1
AVHR,CA07,1
AVHR,CA09,1
PVPL,PVNL,1
PVPL,PVNR,1
PVPL,DVB,1
PVPL,AVKR,1
PVPL,DVC,1
PVPL,AVDR,1
PVPL,AVER,1
PVPL,AVBL,1
PVPL,AVBR,1
PVPL,AVAR,1
PVPL,MCML,1
PVPL,SPDL,1
PVPL,SPDR,1
PVPL,SPVL,1
PVPL,SPVR,1
PVPL,DVF,1
PVPL,CP05,1
PVPR,PVNR,1
PVPR,RIGR,1
PVPR,AIBL,1
PVPR,AVKR,1
PVPR,AVBL,1
PVPR,AVBR,1
PVPR,SMBVR,1
PVPR,MCMR,1
PVPR,R1BR,1
PVPR,EF03,1
LUAL,LUAR,1
LUAL,PVNL,1
LUAL,AVDR,1
LUAL,PVWL,1
LUAL,AVAR,1
LUAL,PVCL,1
LUAL,AS11,1
LUAL,PDB,1
LUAL,R3BL,1
LUAL,R5BR,1
LUAL,R6BR,1
LUAL,R9AL,1
LUAL,R9BL,1
LUAR,AVDR,1
LUAR,AVAR,1
LUAR,PVCR,1
LUAR,DB07,1
LUAR,R1BR,1
LUAR,R6BR,1
LUAR,R9BR,1
PVNL,PVNL,1
PVNL,AVG,1
PVNL,AVDL,1
PVNL,AVDR,1
PVNL,AVL,1
PVNL,AVBL,1
PVNL,AVBR,1
PVNL,AVAL,1
PVNL,AVAR,1
PVNL,AS11,1
PVNL,PDB,1
PVNL,VD13,1
PVNL,R1BR,1
PVNL,R2BL,1
PVNL,R2BR,1
PVNL,R3AL,1
PVNL,R3BL,1
PVNL,R3BR,1
PVNL,R4BL,1
PVNL,R4BR,1
PVNL,R5BR,1
PVNL,R6BL,1
PVNL,R7BL,1
PVNL,R7BR,1
PVNL,R8BL,1
PVNL,R8BR,1
PVNL,R9AL,1
PVNL,R9AR,1
PVNL,R9BL,1
PVNL,PHDL,1
PVNL,PHDR,1
PVNL,HOB,1
PVNL,SPDL,1
PVNL,SPDR,1
PVNL,SPVL,1
PVNL,SPVR,1
PVNL,PVV,1
PVNL,PVX,1
PVNL,PVY,1
PVNL,EF01,1
PVNL,EF02,1
PVNL,EF03,1
PVNL,PGA,1
PVNL,CA04,1
PVNL,CP08,1
PVNL,CP09,1
PVNR,DVB,1
PVNR,AVL,1
PVNR,AVBR,1
PVNR,PDB,1
PVNR,VD12,1
PVNR,R1BR,1
PVNR,R2BR,1
PVNR,R3BL,1
PVNR,R4BR,1
PVNR,R5BR,1
PVNR,R7BR,1
PVNR,R8AR,1
PVNR,R8BR,1
PVNR,R9BR,1
PVNR,PHDR,1
PVNR,HOA,1
PVNR,SPVL,1
PVNR,PVV,1
PVNR,PVX,1
PVNR,PVY,1
PVNR,PVZ,1
PVNR,DVE,1
PVNR,EF01,1
PVNR,EF02,1
PVNR,EF03,1
PVNR,PDC,1
PVNR,CP07,1
AVG,AVJL,1
AVG,AVJR,1
AVG,AVL,1
AVG,AVBL,1
AVG,AVBR,1
AVG,DA09,1
AVG,VD13,1
AVG,R1BR,1
AVG,R2AL,1
AVG,R2AR,1
AVG,R3BR,1
AVG,R5BR,1
AVG,R7BR,1
AVG,R8AL,1
AVG,R9AR,1
AVG,R9BL,1
AVG,HOA,1
AVG,PCAL,1
AVG,PCAR,1
AVG,SPDL,1
AVG,PVV,1
AVG,PVX,1
AVG,PVZ,1
AVG,DVE,1
AVG,DVF,1
AVG,EF01,1
AVG,EF02,1
AVG,PGA,1
AVG,CA07,1
AVG,CP05,1
AVG,CP06,1
AVG,CP07,1
DVB,PVT,1
DVB,AVL,1
DVB,DD06,1
DVB,HOB,1
DVB,SPCL,1
DVB,SPCR,1
DVB,DVE,1
DVB,DVF,1
DVB,EF02,1
DVB,EF03,1
DVB,CP04,1
DVB,CP05,1
DVB,CP06,1
DVB,CP07,1
RIBL,RIGL,1
RIBL,DVC,1
RIBL,RIAL,1
RIBL,RIAR,1
RIBL,RIML,1
RIBL,RIMR,1
RIBL,AVER,1
RIBL,RMED,1
RIBL,RMEV,1
RIBL,SMDDL,1
RIBL,SMDDR,1
RIBL,SMDVR,1
RIBL,CEMVL,1
RIBR,RIGR,1
RIBR,RMGR,1
RIBR,AIBL,1
RIBR,DVC,1
RIBR,PVT,1
RIBR,RIAL,1
RIBR,RIAR,1
RIBR,RIML,1
RIBR,RIMR,1
RIBR,AVEL,1
RIBR,RMDDR,1
RIBR,RMDR,1
RIBR,RMDVR,1
RIBR,RMHL,1
RIBR,SMDVL,1
RIBR,CEMVR,1
RIBR,EF03,1
RIGL,AVKL,1
RIGL,AVKR,1
RIGL,DVC,1
RIGL,PVT,1
RIGL,RIAL,1
RIGL,RIML,1
RIGL,RIMR,1
RIGL,AVER,1
RIGL,RMFL,1
RIGL,AVAR,1
RIGL,RMHR,1
RIGR,AVKL,1
RIGR,DVC,1
RIGR,PVT,1
RIGR,AVEL,1
RIGR,RMFR,1
RIGR,AVAR,1
RIGR,RMHL,1
RIGR,SIBVR,1
RIGR,CEMDR,1
RIGR,CEMVR,1
RMGL,RICR,1
RMGL,AVJL,1
RMGL,RIAR,1
RMGL,AVEL,1
RMGL,RID,1
RMGL,AVBL,1
RMGL,RMDL,1
RMGL,RMDR,1
RMGL,RMDVL,1
RMGL,RIVR,1
RMGL,RMHL,1
RMGL,SMDDR,1
RMGL,SMBVL,1
RMGL,SIBVL,1
RMGL,SIADR,1
RMGR,SAADL,1
RMGR,RIAL,1
RMGR,RMDDL,1
RMGR,RMDR,1
RMGR,RMDVR,1
RMGR,RMHL,1
RMGR,SMDDL,1
RMGR,SMBVR,1
RMGR,SIBVR,1
RMGR,MCMR,1
AIBL,AIBL,1
AIBL,RICR,1
AIBL,SAADL,1
AIBL,SAADR,1
AIBL,AVKR,1
AIBL,DVC,1
AIBL,PVT,1
AIBL,RIML,1
AIBL,RIMR,1
AIBL,AVEL,1
AIBL,RMFR,1
AIBL,AVBL,1
AIBL,SMDDR,1
AIBL,SIBVR,1
AIBL,CEMDR,1
AIBR,RICL,1
AIBR,SAADL,1
AIBR,AVKR,1
AIBR,DVC,1
AIBR,PVT,1
AIBR,RIML,1
AIBR,RIMR,1
AIBR,AVER,1
AIBR,RMFL,1
AIBR,AVBR,1
AIBR,RIVR,1
AIBR,SMDDL,1
AIBR,SMBDL,1
RICL,SAAVR,1
RICL,RIML,1
RICL,AVAL,1
RICL,AVAR,1
RICL,RMHL,1
RICL,SMDDL,1
RICL,SMDDR,1
RICL,SMDVR,1
RICL,CEMVR,1
RICL,MCML,1
RICR,SAAVR,1
RICR,RIAL,1
RICR,RIML,1
RICR,RMFL,1
RICR,AVAL,1
RICR,AVAR,1
RICR,RIVR,1
RICR,SMDDL,1
RICR,SMDDR,1
RICR,SMDVR,1
RICR,SMBDR,1
RICR,SIADR,1
RICR,CEMVR,1
SAADL,AVKL,1
SAADL,AVKR,1
SAADL,RIVR,1
SAADL,SABD,1
SAADL,SMBVL,1
SAADL,VB01,1
SAADR,AVKL,1
SAADR,PVT,1
SAADR,RIAR,1
SAADR,RIVL,1
SAADR,SABD,1
SAADR,SMBVR,1
SAADR,CEMVR,1
SAAVL,AVKL,1
SAAVL,RIML,1
SAAVL,RIMR,1
SAAVL,RMFR,1
SAAVL,AVAL,1
SAAVL,SABVR,1
SAAVL,SMDDR,1
SAAVL,SMBDR,1
SAAVR,AVKR,1
SAAVR,RIML,1
SAAVR,RIMR,1
SAAVR,RMFL,1
SAAVR,AVAR,1
SAAVR,SABVL,1
SAAVR,SMDDL,1
SAAVR,SMDVR,1
SAAVR,SMBDL,1
AVKL,AVKR,1
AVKL,DVC,1
AVKL,PVT,1
AVKL,AVDL,1
AVKL,RIML,1
AVKL,AVEL,1
AVKL,AVAL,1
AVKL,RMHL,1
AVKL,SMDDL,1
AVKL,SMDDR,1
AVKL,DB03,1
AVKL,DB05,1
AVKL,VA09,1
AVKL,VB06,1
AVKL,VB09,1
AVKL,VB10,1
AVKL,CEMVR,1
AVKL,R3AR,1
AVKL,R5AR,1
AVKR,DVC,1
AVKR,PVT,1
AVKR,RIML,1
AVKR,RIMR,1
AVKR,AVER,1
AVKR,RMDR,1
AVKR,SMDDL,1
AVKR,SIAVL,1
AVKR,SIAVR,1
AVKR,R2BL,1
AVKR,R5BL,1
AVKR,CA05,1
AVKR,CA08,1
DVC,PVT,1
DVC,AVL,1
DVC,AVAL,1
DVC,AVAR,1
DVC,SMDVL,1
DVC,DD03,1
DVC,VD08,1
DVC,VD09,1
DVC,CEMVR,1
DVC,SPDL,1
DVC,SPDR,1
DVC,SPVR,1
DVC,PVZ,1
DVC,DVE,1
DVC,DVF,1
DVC,CA03,1
DVC,CA05,1
DVC,CP07,1
AVJL,AVBL,1
AVJL,AVBR,1
AVJL,PVCL,1
AVJL,SABD,1
AVJL,SMBVL,1
AVJL,DD04,1
AVJL,CEMDL,1
AVJL,MCML,1
AVJL,PVX,1
AVJL,CA05,1
AVJL,CA06,1
AVJL,CP04,1
AVJR,AVL,1
AVJR,SABVL,1
AVJR,PVX,1
AVJR,EF02,1
AVJR,CA07,1
AVJR,CP07,1
PVT,AVL,1
PVT,AVEL,1
PVT,RMFR,1
PVT,CEMVR,1
AVDL,RIMR,1
AVDL,AVAL,1
AVDL,AVAR,1
AVDL,PVCR,1
AVDL,SABD,1
AVDL,SABVL,1
AVDL,SABVR,1
AVDL,DA01,1
AVDL,DA02,1
AVDL,DA03,1
AVDL,DA04,1
AVDL,DA05,1
AVDL,DA07,1
AVDL,DA08,1
AVDL,DB06,1
AVDL,AS04,1
AVDL,AS07,1
AVDL,VA03,1
AVDL,VA05,1
AVDL,VA10,1
AVDL,CEMDL,1
AVDL,CEMVR,1
AVDL,PVX,1
AVDR,AVER,1
AVDR,RID,1
AVDR,AVBR,1
AVDR,AVAL,1
AVDR,AVAR,1
AVDR,PVCL,1
AVDR,PVCR,1
AVDR,SABD,1
AVDR,SABVL,1
AVDR,SABVR,1
AVDR,DA01,1
AVDR,DA02,1
AVDR,DA03,1
AVDR,DA04,1
AVDR,DA05,1
AVDR,DA06,1
AVDR,DA07,1
AVDR,DA08,1
AVDR,DB01,1
AVDR,DB06,1
AVDR,AS09,1
AVDR,AS10,1
AVDR,AS11,1
AVDR,VA02,1
AVDR,VA03,1
AVDR,VA05,1
AVDR,VA10,1
AVDR,CEMVL,1
AVDR,MCML,1
AVDR,R1AL,1
AVDR,R1BR,1
AVDR,PVX,1
AVL,RIAL,1
AVL,RMEV,1
AVL,SABD,1
AVL,SABVL,1
AVL,SABVR,1
AVL,DD06,1
AVL,SPVL,1
AVL,DVE,1
AVL,DVF,1
AVL,CA02,1
AVL,CA03,1
AVL,CP05,1
AVL,CP06,1
PVWL,PDB,1
PVWL,R1BR,1
PVWR,VA12,1
PVWR,R1BR,1
PVWR,R7BR,1
PVWR,SPVR,1
PVWR,PVV,1
RIAL,RIAL,1
RIAL,RIAR,1
RIAL,RMDDL,1
RIAL,RMDDR,1
RIAL,RMDL,1
RIAL,RMDR,1
RIAL,RMDVL,1
RIAL,RMDVR,1
RIAL,RIVL,1
RIAL,RIVR,1
RIAL,SMDDL,1
RIAL,SMDDR,1
RIAL,SMDVL,1
RIAL,SMDVR,1
RIAL,SIADR,1
RIAL,SIAVR,1
RIAL,CEMVL,1
RIAR,RIMR,1
RIAR,RMDDL,1
RIAR,RMDDR,1
RIAR,RMDL,1
RIAR,RMDR,1
RIAR,RMDVL,1
RIAR,RMDVR,1
RIAR,RIVL,1
RIAR,RIVR,1
RIAR,SMDDL,1
RIAR,SMDDR,1
RIAR,SMDVL,1
RIAR,SMDVR,1
RIAR,SIADL,1
RIAR,SIADR,1
RIAR,SIAVL,1
RIAR,CEMVR,1
RIML,RMFL,1
RIML,RMFR,1
RIML,AVBL,1
RIML,AVBR,1
RIML,RMDR,1
RIML,RIVR,1
RIML,SMDDL,1
RIML,SMDDR,1
RIML,SMDVL,1
RIML,SMBDL,1
RIML,MCML,1
RIMR,AVEL,1
RIMR,RMFR,1
RIMR,AVBL,1
RIMR,AVBR,1
RIMR,AVAL,1
RIMR,PVCR,1
RIMR,RMDL,1
RIMR,RMDR,1
RIMR,SMDDL,1
RIMR,SMDDR,1
RIMR,SMDVL,1
RIMR,SMDVR,1
AVEL,AVAL,1
AVEL,AVAR,1
AVEL,PVCR,1
AVEL,SABD,1
AVEL,SABVL,1
AVEL,SABVR,1
AVEL,SMDDL,1
AVEL,SMDVL,1
AVEL,DA01,1
AVEL,DA02,1
AVEL,DA03,1
AVEL,DB03,1
AVEL,AS01,1
AVEL,VA01,1
AVEL,VA03,1
AVEL,CEMVR,1
AVER,AVAL,1
AVER,AVAR,1
AVER,SABD,1
AVER,SABVL,1
AVER,SABVR,1
AVER,SIBVR,1
AVER,DA01,1
AVER,DA02,1
AVER,DA03,1
AVER,DB03,1
AVER,AS01,1
AVER,AS02,1
AVER,AS03,1
AVER,VA01,1
AVER,VA02,1
AVER,VA03,1
AVER,VA04,1
RMFL,RIVR,1
RMFL,SIBDL,1
RMFR,SIBVR,1
RID,PVCL,1
RID,CEMVL,1
RID,MCML,1
AVBL,AVBR,1
AVBL,AVAL,1
AVBL,AVAR,1
AVBL,PVCL,1
AVBL,PVCR,1
AVBL,AS04,1
AVBL,AS05,1
AVBL,AS09,1
AVBL,AS10,1
AVBL,VA02,1
AVBL,VB09,1
AVBL,CEMDL,1
AVBL,CEMVL,1
AVBL,CEMVR,1
AVBL,MCML,1
AVBL,MCMR,1
AVBL,R2AL,1
AVBL,PVX,1
AVBL,PVY,1
AVBR,AVAL,1
AVBR,PVCL,1
AVBR,PVCR,1
AVBR,DA03,1
AVBR,AS01,1
AVBR,AS03,1
AVBR,AS04,1
AVBR,AS07,1
AVBR,AS10,1
AVBR,VA03,1
AVBR,VA04,1
AVBR,VA10,1
AVBR,VB11,1
AVBR,CEMDL,1
AVBR,CEMDR,1
AVBR,CEMVR,1
AVBR,MCMR,1
AVBR,R2AL,1
AVBR,R2AR,1
AVBR,PVV,1
AVBR,PVX,1
AVBR,PVY,1
AVBR,EF01,1
AVBR,EF03,1
AVBR,CP05,1
AVAL,AVAR,1
AVAL,PVCL,1
AVAL,PVCR,1
AVAL,RMHL,1
AVAL,SABVL,1
AVAL,DA01,1
AVAL,DA02,1
AVAL,DA03,1
AVAL,DA04,1
AVAL,DA05,1
AVAL,DA06,1
AVAL,DA07,1
AVAL,DA08,1
AVAL,DA09,1
AVAL,DB06,1
AVAL,AS02,1
AVAL,AS04,1
AVAL,AS05,1
AVAL,AS07,1
AVAL,AS08,1
AVAL,AS09,1
AVAL,AS10,1
AVAL,AS11,1
AVAL,DD05,1
AVAL,VA01,1
AVAL,VA02,1
AVAL,VA03,1
AVAL,VA04,1
AVAL,VA05,1
AVAL,VA06,1
AVAL,VA07,1
AVAL,VA08,1
AVAL,VA09,1
AVAL,VA10,1
AVAL,VA11,1
AVAL,VA12,1
AVAL,VB05,1
AVAL,VB06,1
AVAL,VB11,1
AVAL,CEMVR,1
AVAL,R1AL,1
AVAL,R1BR,1
AVAL,R3AL,1
AVAL,R3AR,1
AVAL,R3BR,1
AVAL,PCAR,1
AVAL,PVV,1
AVAL,PVX,1
AVAL,PVY,1
AVAR,PVCL,1
AVAR,PVCR,1
AVAR,SABVR,1
AVAR,SIBDL,1
AVAR,DA01,1
AVAR,DA02,1
AVAR,DA03,1
AVAR,DA04,1
AVAR,DA05,1
AVAR,DA06,1
AVAR,DA07,1
AVAR,DA08,1
AVAR,DA09,1
AVAR,DB02,1
AVAR,DB03,1
AVAR,DB06,1
AVAR,AS01,1
AVAR,AS02,1
AVAR,AS04,1
AVAR,AS05,1
AVAR,AS06,1
AVAR,AS07,1
AVAR,AS08,1
AVAR,AS09,1
AVAR,AS10,1
AVAR,AS11,1
AVAR,VA02,1
AVAR,VA03,1
AVAR,VA04,1
AVAR,VA05,1
AVAR,VA06,1
AVAR,VA07,1
AVAR,VA08,1
AVAR,VA09,1
AVAR,VA10,1
AVAR,VA11,1
AVAR,VA12,1
AVAR,VB06,1
AVAR,CEMDR,1
AVAR,R1AL,1
AVAR,R1BR,1
AVAR,R3AL,1
AVAR,R3AR,1
AVAR,R5BR,1
AVAR,PVV,1
AVAR,PVX,1
PVCL,PVCR,1
PVCL,SIAVL,1
PVCL,DA06,1
PVCL,DA07,1
PVCL,DA08,1
PVCL,DB02,1
PVCL,DB03,1
PVCL,DB04,1
PVCL,DB06,1
PVCL,DB07,1
PVCL,AS01,1
PVCL,AS02,1
PVCL,AS11,1
PVCL,VA12,1
PVCL,VB05,1
PVCL,VB08,1
PVCL,VB10,1
PVCL,VB11,1
PVCL,MCML,1
PVCL,R5BR,1
PVCL,R9AL,1
PVCL,R9BL,1
PVCL,PVV,1
PVCR,SIBVR,1
PVCR,SIAVR,1
PVCR,DA08,1
PVCR,DB02,1
PVCR,DB03,1
PVCR,DB04,1
PVCR,DB06,1
PVCR,DB07,1
PVCR,VA12,1
PVCR,VB08,1
PVCR,VB09,1
PVCR,VB10,1
PVCR,VB11,1
PVCR,MCMR,1
PVCR,R1BR,1
PVCR,R9BR,1
PVCR,EF02,1
RIPL,URADL,1
RIPL,URAVL,1
RIPR,URADR,1
RIPR,URAVR,1
RIPR,RMDVL,1
RIPR,CEMVR,1
RIPR,MCMR,1
URADR,RMER,1
URAVL,RMEL,1
URAVL,RMEV,1
URAVR,RMER,1
RMEL,RMEL,1
RMEL,RMHL,1
RMER,RMER,1
RMER,RMDR,1
RMED,RMDVL,1
RMED,SMDDL,1
RMED,SMDDR,1
RMED,SMDVL,1
RMED,SMDVR,1
RMED,SMBDL,1
RMEV,RMDDR,1
RMEV,SMDVL,1
RMDDL,RMDR,1
RMDDL,RMDVR,1
RMDDL,RIVR,1
RMDDL,SMDVR,1
RMDDR,RMDVL,1
RMDDR,RIVL,1
RMDDR,SMDVL,1
RMDDR,SMBDR,1
RMDDR,MCMR,1
RMDL,RMDL,1
RMDL,RMDR,1
RMDL,RMHR,1
RMDR,RMHL,1
RMDR,RMHR,1
RMDR,SMDDR,1
RMDR,SMBVL,1
RMDR,SMBVR,1
RMDR,SIADR,1
RMDVL,RIVL,1
RMDVL,RMHL,1
RMDVL,SMDVL,1
RMDVR,RIVR,1
RMDVR,SMBVL,1
RIVL,RIVR,1
RIVL,SMDDR,1
RIVL,SIAVR,1
RIVR,RIVR,1
RIVR,SMDVR,1
RIVR,SMBVL,1
RIVR,SIAVL,1
RMHL,SMBVR,1
RMHL,CEMVR,1
SMDDL,SMDDR,1
SMDDL,SMDVL,1
SMDDL,SMDVR,1
SMDDL,SMBDL,1
SMDDL,SIBDL,1
SMDDL,SIADL,1
SMDDR,SMDVL,1
SMDDR,SMBDR,1
SMDDR,SIBDR,1
SMDDR,SIADR,1
SMDVL,SMDVL,1
SMDVL,SMDVR,1
SMDVL,SIBVL,1
SMDVL,SIAVR,1
SMDVL,CEMVR,1
SMDVR,SIBVR,1
SMDVR,SIAVL,1
SMBDL,SMBDR,1
SMBDL,SMBVL,1
SMBDL,SIADL,1
SMBDL,SIAVL,1
SMBDR,SMBDR,1
SMBDR,SMBVR,1
SMBDR,SIADR,1
SMBDR,SIAVR,1
SMBDR,CEMDL,1
SMBVL,SIBVL,1
SMBVL,SIAVL,1
SMBVL,MCML,1
SMBVR,SIAVR,1
SMBVR,EF03,1
SIBDL,SIADL,1
SIBDR,SIADR,1
SIBVL,SIAVR,1
SIBVR,SIAVL,1
SIAVL,MCML,1
DA01,DB01,1
DA01,AS01,1
DA01,DD01,1
DA01,VD02,1
DA02,DA03,1
DA02,DB01,1
DA02,DB02,1
DA02,AS02,1
DA02,DD01,1
DA02,VA01,1
DA02,VD02,1
DA02,VD03,1
DA03,DA04,1
DA03,DB02,1
DA03,DB03,1
DA03,AS03,1
DA03,AS04,1
DA03,DD02,1
DA03,VD03,1
DA03,VD04,1
DA04,DA05,1
DA04,DB02,1
DA04,DB03,1
DA04,DD02,1
DA04,VD04,1
DA04,VD05,1
DA04,PVX,1
DA05,DB03,1
DA05,DB04,1
DA05,VD05,1
DA05,VD06,1
DA06,DA07,1
DA06,DB05,1
DA06,DD03,1
DA06,VD04,1
DA06,VD05,1
DA06,VD06,1
DA06,VD07,1
DA06,PVX,1
DA07,DA08,1
DA07,DB05,1
DA07,DB06,1
DA07,DD04,1
DA07,VA09,1
DA07,VD07,1
DA07,VD08,1
DA07,VD09,1
DA08,DA09,1
DA08,DB05,1
DA08,DB06,1
DA08,DB07,1
DA08,AS11,1
DA08,DD05,1
DA08,DD06,1
DA08,VA12,1
DA08,VD08,1
DA08,VD09,1
DA08,VD10,1
DA08,VD11,1
DA08,VD12,1
DA08,VD13,1
DA08,PDC,1
DA08,CP07,1
DA09,PDA,1
DA09,DB06,1
DA09,DB07,1
DA09,AS11,1
DA09,PDB,1
DA09,DD06,1
DA09,VA12,1
DA09,VB06,1
DA09,VD12,1
DA09,VD13,1
DA09,R1AL,1
DA09,R1BR,1
DA09,R3AL,1
DA09,R3BR,1
PDA,AS11,1
PDA,DD06,1
PDA,VD13,1
PDA,PDC,1
DB01,AS01,1
DB01,AS02,1
DB01,DD01,1
DB01,VD02,1
DB01,VD03,1
DB02,AS03,1
DB02,AS04,1
DB02,DD01,1
DB02,DD02,1
DB02,VD03,1
DB02,VD04,1
DB03,AS04,1
DB03,AS05,1
DB03,DD02,1
DB03,VD04,1
DB03,VD05,1
DB03,VD06,1
DB04,AS06,1
DB04,VA09,1
DB04,VD06,1
DB05,AS07,1
DB05,AS08,1
DB05,DD03,1
DB05,VA09,1
DB05,VA10,1
DB05,VB07,1
DB05,VD04,1
DB05,VD05,1
DB05,VD06,1
DB05,VD07,1
DB06,AS08,1
DB06,AS09,1
DB06,VA12,1
DB06,VD07,1
DB06,VD08,1
DB06,PVX,1
DB07,AS10,1
DB07,AS11,1
DB07,PDB,1
DB07,VA12,1
DB07,VD08,1
DB07,VD13,1
DB07,R3BR,1
DB07,R9BL,1
DB07,R9BR,1
DB07,PVX,1
DB07,PVY,1
AS01,AS01,1
AS01,DD01,1
AS01,VA06,1
AS01,VA07,1
AS01,VD01,1
AS01,VD02,1
AS02,DD01,1
AS02,VA06,1
AS02,VA07,1
AS02,VA08,1
AS02,VD02,1
AS03,VA07,1
AS03,VA08,1
AS03,VD03,1
AS04,DD02,1
AS04,VA08,1
AS04,VD04,1
AS05,AS05,1
AS05,VA08,1
AS05,VD05,1
AS06,VD06,1
AS07,VD07,1
AS08,VD08,1
AS08,PVX,1
AS09,VD09,1
AS10,VD10,1
AS10,VD11,1
AS11,PDB,1
AS11,VD12,1
AS11,VD13,1
AS11,R1AL,1
AS11,R3AL,1
AS11,R4AR,1
AS11,R4BR,1
AS11,R5BR,1
AS11,R6AR,1
AS11,R7BR,1
AS11,PVX,1
AS11,PDC,1
AS11,CP07,1
AS11,CP09,1
PDB,PDB,1
PDB,DD06,1
PDB,VD13,1
PDB,R1BL,1
PDB,R1BR,1
PDB,R2BR,1
PDB,R3BL,1
PDB,R4BL,1
PDB,R4BR,1
PDB,R5AL,1
PDB,R5AR,1
PDB,R5BR,1
PDB,R6AL,1
PDB,R6AR,1
PDB,R7AL,1
PDB,R7AR,1
PDB,R7BL,1
PDB,R7BR,1
PDB,R8BL,1
PDB,R9AL,1
PDB,R9AR,1
PDB,R9BL,1
PDB,R9BR,1
PDB,PHDL,1
PDB,HOA,1
PDB,HOB,1
PDB,PCAL,1
PDB,PCAR,1
PDB,SPCR,1
PDB,PVY,1
PDB,DVE,1
PDB,DX03,1
PDB,EF02,1
PDB,EF03,1
PDB,PDC,1
PDB,PGA,1
PDB,CA05,1
PDB,CA07,1
PDB,CP07,1
PDB,CP08,1
PDB,CP09,1
DD01,VA01,1
DD01,VA02,1
DD01,VA03,1
DD01,VB01,1
DD01,VB02,1
DD01,VD01,1
DD01,VD02,1
DD01,VD03,1
DD02,VA03,1
DD02,VA04,1
DD02,VA05,1
DD02,VB02,1
DD02,VB03,1
DD02,VB04,1
DD02,VD03,1
DD02,VD04,1
DD03,VB04,1
DD03,VB05,1
DD03,VB07,1
DD03,PVZ,1
DD04,VA10,1
DD04,VB06,1
DD04,VB07,1
DD04,VD08,1
DD04,PVZ,1
DD04,DVF,1
DD04,CA03,1
DD04,CP04,1
DD04,CP05,1
DD05,VA10,1
DD05,VA12,1
DD05,VB07,1
DD05,VB08,1
DD05,VB09,1
DD05,VD10,1
DD05,SPVR,1
DD05,PVZ,1
DD05,CA03,1
DD05,CA05,1
DD05,CA08,1
DD05,CP04,1
DD06,VA11,1
DD06,VA12,1
DD06,VB09,1
DD06,VB10,1
DD06,VB11,1
DD06,VD11,1
DD06,VD12,1
DD06,R1BR,1
DD06,R2AL,1
DD06,R2AR,1
DD06,R3AL,1
DD06,R8BR,1
DD06,SPDL,1
DD06,SPDR,1
DD06,SPVL,1
DD06,SPVR,1
DD06,PVV,1
DD06,PVX,1
DD06,PVY,1
DD06,PVZ,1
DD06,DVF,1
DD06,EF01,1
DD06,PDC,1
DD06,CA06,1
DD06,CP04,1
VA01,VA02,1
VA01,VB01,1
VA01,VD01,1
VA02,VA03,1
VA02,VB01,1
VA02,VB02,1
VA02,VD01,1
VA02,VD02,1
VA03,VA04,1
VA03,VB01,1
VA03,VB02,1
VA03,VB03,1
VA03,VD02,1
VA03,VD03,1
VA04,VB01,1
VA04,VB03,1
VA04,VB04,1
VA04,VD04,1
VA05,VA06,1
VA05,VB03,1
VA05,VB04,1
VA05,VD05,1
VA06,VB04,1
VA06,VB05,1
VA06,VD05,1
VA06,VD06,1
VA07,VB06,1
VA07,VD06,1
VA07,VD07,1
VA08,VB06,1
VA08,VD07,1
VA08,VD08,1
VA09,VA10,1
VA09,VB07,1
VA09,VB08,1
VA09,VB09,1
VA09,VD08,1
VA09,VD09,1
VA09,VD10,1
VA09,VD11,1
VA10,VA12,1
VA10,VB07,1
VA10,VB08,1
VA10,VB09,1
VA10,VD08,1
VA10,VD09,1
VA10,PVZ,1
VA10,CA08,1
VA10,CP04,1
VA11,VA12,1
VA11,VB09,1
VA11,VB10,1
VA11,VD10,1
VA11,VD11,1
VA11,VD12,1
VA11,PVV,1
VA11,PVY,1
VA11,PVZ,1
VA12,VB07,1
VA12,VB08,1
VA12,VB09,1
VA12,VB10,1
VA12,VB11,1
VA12,VD09,1
VA12,VD10,1
VA12,VD11,1
VA12,VD12,1
VA12,VD13,1
VA12,R1BR,1
VA12,R3AL,1
VA12,PVV,1
VA12,PVZ,1
VB01,VD01,1
VB01,VD02,1
VB01,VD05,1
VB02,VD02,1
VB02,VD03,1
VB03,VD03,1
VB03,VD04,1
VB04,VD04,1
VB04,VD05,1
VB05,VD06,1
VB06,VB07,1
VB06,VB09,1
VB06,VD06,1
VB06,VD07,1
VB06,VD09,1
VB06,VD11,1
VB06,PVZ,1
VB07,VB08,1
VB07,VD07,1
VB07,VD08,1
VB07,VD09,1
VB07,PVZ,1
VB08,VB09,1
VB08,VB10,1
VB08,VD09,1
VB08,VD10,1
VB08,PVZ,1
VB08,CP04,1
VB09,VB10,1
VB09,VD10,1
VB09,VD11,1
VB09,R7AR,1
VB10,VB11,1
VB10,VD11,1
VB10,VD12,1
VB10,R7AR,1
VB10,PVV,1
VB10,PVY,1
VB10,CA08,1
VB11,VD13,1
VB11,PVV,1
VB11,PVY,1
VD08,PVZ,1
VD09,SPVL,1
VD09,PVZ,1
VD09,CA08,1
VD10,SPVL,1
VD10,SPVR,1
VD10,PVV,1
VD10,PVZ,1
VD10,CA08,1
VD11,R2AL,1
VD11,SPVL,1
VD11,SPVR,1
VD11,PVV,1
VD11,PVZ,1
VD11,DVF,1
VD12,VD13,1
VD12,R3AR,1
VD12,R5AR,1
VD12,SPDL,1
VD12,SPVL,1
VD12,PVV,1
VD12,PVZ,1
VD12,DVF,1
VD12,PDC,1
VD12,CP08,1
VD13,VD13,1
VD13,PVV,1
VD13,PVY,1
VD13,PVZ,1
VD13,PDC,1
CEMDR,CEMDR,1
CEMVL,CEMVL,1
CEMVL,MCML,1
CEMVR,MCMR,1
CEMVR,EF02,1
CEMVR,EF03,1
MCMR,MCMR,1
MCMR,EF02,1
MCMR,EF03,1
R1AL,R1AL,1
R1AL,R1BL,1
R1AL,R2AL,1
R1AL,R2BL,1
R1AL,R3AL,1
R1AL,R3AR,1
R1AL,R3BL,1
R1AL,R4AL,1
R1AL,R4BL,1
R1AL,R7BL,1
R1AL,PVV,1
R1AR,R1BR,1
R1AR,R2AR,1
R1AR,R3BR,1
R1AR,R4AR,1
R1AR,R6AR,1
R1BL,R2AL,1
R1BL,R2BL,1
R1BL,R3AL,1
R1BL,R3BL,1
R1BL,R4AL,1
R1BL,R5AL,1
R1BL,R6BL,1
R1BL,PVV,1
R1BR,R1BR,1
R1BR,R2AR,1
R1BR,R2BR,1
R1BR,R3BL,1
R1BR,R3BR,1
R1BR,R4AR,1
R1BR,R5BR,1
R1BR,R6AR,1
R1BR,R6BL,1
R1BR,R6BR,1
R1BR,R7BL,1
R1BR,R7BR,1
R1BR,R9AR,1
R1BR,R9BL,1
R1BR,R9BR,1
R1BR,PCAR,1
R1BR,PVV,1
R1BR,PVX,1
R1BR,PVY,1
R1BR,PVZ,1
R1BR,DVE,1
R1BR,EF02,1
R1BR,EF03,1
R1BR,PDC,1
R1BR,CP09,1
R2AL,R2AL,1
R2AL,R2AR,1
R2AL,R3AL,1
R2AL,R4AL,1
R2AL,R5BL,1
R2AL,HOA,1
R2AL,PVX,1
R2AL,EF01,1
R2AL,CP07,1
R2AL,CP08,1
R2AL,CP09,1
R2AR,R2AR,1
R2AR,R4AR,1
R2AR,R5BR,1
R2AR,R6AR,1
R2AR,R8BR,1
R2AR,CP07,1
R2AR,CP08,1
R2AR,CP09,1
R2BL,R2BL,1
R2BL,R2BR,1
R2BL,R3AL,1
R2BL,R4AL,1
R2BL,R4BL,1
R2BL,R4BR,1
R2BL,R6AL,1
R2BL,R6BL,1
R2BL,R7AL,1
R2BL,R7BL,1
R2BL,R8AL,1
R2BL,R8AR,1
R2BL,R8BL,1
R2BL,R8BR,1
R2BL,R9AL,1
R2BL,R9AR,1
R2BL,R9BR,1
R2BL,PHDL,1
R2BL,PHDR,1
R2BL,HOB,1
R2BL,PCBL,1
R2BL,SPCL,1
R2BL,SPDL,1
R2BL,PVX,1
R2BL,PVY,1
R2BL,DVF,1
R2BL,EF01,1
R2BL,EF03,1
R2BL,CP01,1
R2BL,CP02,1
R2BL,CP03,1
R2BL,CP08,1
R2BR,R2BR,1
R2BR,R3AR,1
R2BR,R4AR,1
R2BR,R4BL,1
R2BR,R4BR,1
R2BR,R6AR,1
R2BR,R7AL,1
R2BR,R7AR,1
R2BR,R7BL,1
R2BR,R7BR,1
R2BR,R8AL,1
R2BR,R8AR,1
R2BR,R8BL,1
R2BR,R8BR,1
R2BR,PHDR,1
R2BR,HOA,1
R2BR,HOB,1
R2BR,PCAL,1
R2BR,PCAR,1
R2BR,PCBR,1
R2BR,PCCL,1
R2BR,SPCR,1
R2BR,SPDR,1
R2BR,PVY,1
R2BR,PVZ,1
R2BR,EF01,1
R2BR,EF03,1
R2BR,PGA,1
R2BR,CA04,1
R2BR,CA05,1
R2BR,CP04,1
R3AL,R3AR,1
R3AL,R3BL,1
R3AL,R4AL,1
R3AL,R4AR,1
R3AL,R4BL,1
R3AL,R5AL,1
R3AL,R5AR,1
R3AL,R5BL,1
R3AL,R6AL,1
R3AL,R6BL,1
R3AL,R7AL,1
R3AL,R7BL,1
R3AL,PVV,1
R3AL,PVX,1
R3AR,R3BR,1
R3AR,R4AL,1
R3AR,R4AR,1
R3AR,R4BR,1
R3AR,R5AL,1
R3AR,R5AR,1
R3AR,R5BR,1
R3AR,R7BR,1
R3AR,PVV,1
R3AR,PDC,1
R3BL,R3BR,1
R3BL,R4AL,1
R3BL,R4BL,1
R3BL,R5AL,1
R3BL,R5BL,1
R3BL,R6AL,1
R3BL,R6BL,1
R3BL,R6BR,1
R3BL,R7BL,1
R3BL,R7BR,1
R3BL,R9AR,1
R3BL,R9BR,1
R3BL,HOA,1
R3BL,HOB,1
R3BL,PCAL,1
R3BL,PCBR,1
R3BL,PVV,1
R3BL,PVX,1
R3BL,DX02,1
R3BL,EF01,1
R3BL,EF02,1
R3BL,EF03,1
R3BL,CP07,1
R3BL,CP09,1
R3BR,R3BR,1
R3BR,R4AL,1
R3BR,R5AR,1
R3BR,R5BR,1
R3BR,R6BR,1
R3BR,R9AL,1
R3BR,R9AR,1
R3BR,PHDL,1
R3BR,PHDR,1
R3BR,HOA,1
R3BR,HOB,1
R3BR,PCAL,1
R3BR,PCBL,1
R3BR,PVV,1
R3BR,PVX,1
R3BR,PVY,1
R3BR,PVZ,1
R3BR,DX03,1
R3BR,EF02,1
R3BR,EF03,1
R3BR,PGA,1
R3BR,CP04,1
R3BR,CP07,1
R3BR,CP08,1
R3BR,CP09,1
R4AL,R4AL,1
R4AL,R4AR,1
R4AL,R4BL,1
R4AL,R5AL,1
R4AL,R5AR,1
R4AL,R5BL,1
R4AL,R6AL,1
R4AL,R6AR,1
R4AL,R7AL,1
R4AL,R7BL,1
R4AL,PVV,1
R4AL,CA04,1
R4AR,R4AR,1
R4AR,R4BR,1
R4AR,R5AL,1
R4AR,R5AR,1
R4AR,R5BR,1
R4AR,R6AR,1
R4AR,R7AR,1
R4AR,R7BL,1
R4AR,HOB,1
R4AR,PVV,1
R4AR,PDC,1
R4AR,CA04,1
R4BL,R4BR,1
R4BL,R5BL,1
R4BL,R6BL,1
R4BL,R7AL,1
R4BL,R7AR,1
R4BL,R7BL,1
R4BL,R7BR,1
R4BL,R8AL,1
R4BL,R8BL,1
R4BL,R8BR,1
R4BL,R9AL,1
R4BL,R9BL,1
R4BL,R9BR,1
R4BL,PVY,1
R4BL,EF01,1
R4BL,EF02,1
R4BL,EF03,1
R4BL,CP02,1
R4BL,CP03,1
R4BR,R4BR,1
R4BR,R5BL,1
R4BR,R6AR,1
R4BR,R7AR,1
R4BR,R7BR,1
R4BR,R8BL,1
R4BR,R8BR,1
R4BR,R9BL,1
R4BR,PHDL,1
R4BR,PHDR,1
R4BR,PCBR,1
R4BR,SPVL,1
R4BR,PVY,1
R4BR,EF01,1
R4BR,EF02,1
R4BR,EF03,1
R4BR,CA05,1
R4BR,CP03,1
R5AL,R5AR,1
R5AL,R5BL,1
R5AL,R6AL,1
R5AL,R6BL,1
R5AL,R7AL,1
R5AL,PVV,1
R5AL,PDC,1
R5AR,R5BR,1
R5AR,R6AR,1
R5AR,PVV,1
R5AR,PDC,1
R5AR,CP07,1
R5BL,R6AL,1
R5BL,R7AL,1
R5BL,R7BL,1
R5BL,CA04,1
R5BR,R6AR,1
R5BR,R6BL,1
R5BR,R7AR,1
R5BR,R7BL,1
R5BR,R7BR,1
R5BR,R8BL,1
R5BR,R9AR,1
R5BR,R9BR,1
R5BR,HOB,1
R5BR,PVV,1
R5BR,PVY,1
R5BR,EF02,1
R5BR,EF03,1
R5BR,PDC,1
R6AL,R6AL,1
R6AL,R6AR,1
R6AL,R7AL,1
R6AL,R7AR,1
R6AL,R7BL,1
R6AL,PVV,1
R6AL,PDC,1
R6AL,CP07,1
R6AL,CP08,1
R6AL,CP09,1
R6AR,R6AR,1
R6AR,R7AL,1
R6AR,R7AR,1
R6AR,R7BL,1
R6AR,R7BR,1
R6AR,PVV,1
R6AR,PVX,1
R6AR,EF02,1
R6AR,PDC,1
R6AR,PGA,1
R6AR,CA04,1
R6AR,CP07,1
R6AR,CP08,1
R6AR,CP09,1
R6BL,R7BL,1
R6BL,R7BR,1
R6BL,R9AR,1
R6BL,R9BR,1
R6BL,EF02,1
R6BL,EF03,1
R6BR,R7AR,1
R6BR,R9BL,1
R6BR,HOA,1
R6BR,EF01,1
R6BR,EF02,1
R6BR,EF03,1
R7AL,R7AL,1
R7AL,R7AR,1
R7AL,R7BL,1
R7AL,R7BR,1
R7AL,PCAL,1
R7AL,PVV,1
R7AL,PVX,1
R7AL,EF02,1
R7AL,PDC,1
R7AL,PGA,1
R7AL,CA04,1
R7AL,CA05,1
R7AL,CP07,1
R7AL,CP08,1
R7AL,CP09,1
R7AR,R7AR,1
R7AR,R7BL,1
R7AR,R7BR,1
R7AR,R9AR,1
R7AR,R9BL,1
R7AR,R9BR,1
R7AR,PHDL,1
R7AR,PVV,1
R7AR,PVY,1
R7AR,PDC,1
R7AR,PGA,1
R7AR,CA04,1
R7AR,CA05,1
R7AR,CP07,1
R7AR,CP08,1
R7AR,CP09,1
R7BL,R7BL,1
R7BL,R7BR,1
R7BL,R8BL,1
R7BL,R9AL,1
R7BL,R9BR,1
R7BL,PHDR,1
R7BL,HOA,1
R7BL,PVV,1
R7BL,PVX,1
R7BL,PVY,1
R7BL,EF02,1
R7BL,EF03,1
R7BL,PDC,1
R7BL,PGA,1
R7BL,CA05,1
R7BL,CP07,1
R7BL,CP08,1
R7BL,CP09,1
R7BR,R7BR,1
R7BR,R9AL,1
R7BR,R9AR,1
R7BR,R9BL,1
R7BR,R9BR,1
R7BR,PHDR,1
R7BR,PCBR,1
R7BR,PVV,1
R7BR,PVY,1
R7BR,EF01,1
R7BR,EF02,1
R7BR,EF03,1
R7BR,PDC,1
R7BR,PGA,1
R7BR,CA04,1
R8AL,R8AR,1
R8AL,R8BL,1
R8AL,R8BR,1
R8AL,R9AL,1
R8AL,HOA,1
R8AL,HOB,1
R8AL,PCAL,1
R8AL,PCAR,1
R8AL,PCBL,1
R8AL,SPVR,1
R8AL,PVX,1
R8AL,PVY,1
R8AL,EF02,1
R8AL,EF03,1
R8AL,PGA,1
R8AL,CP02,1
R8AL,CP09,1
R8AR,R8BR,1
R8AR,R9AR,1
R8AR,PHDR,1
R8AR,HOA,1
R8AR,HOB,1
R8AR,PCAL,1
R8AR,PCAR,1
R8AR,PCBR,1
R8AR,PVV,1
R8AR,PVX,1
R8AR,CP04,1
R8AR,CP07,1
R8BL,R8BR,1
R8BL,R9AL,1
R8BL,R9AR,1
R8BL,R9BL,1
R8BL,PHDL,1
R8BL,PHDR,1
R8BL,PVY,1
R8BL,EF01,1
R8BL,EF03,1
R8BR,R8BR,1
R8BR,R9AR,1
R8BR,R9BL,1
R8BR,R9BR,1
R8BR,PHDL,1
R8BR,PHDR,1
R8BR,PCAR,1
R8BR,PVZ,1
R8BR,EF01,1
R8BR,EF03,1
R8BR,CA04,1
R8BR,CP08,1
R9AL,R9BL,1
R9AL,PHDL,1
R9AL,PHDR,1
R9AL,HOA,1
R9AL,HOB,1
R9AL,PCAL,1
R9AL,PVV,1
R9AL,PVX,1
R9AL,PVY,1
R9AL,DVF,1
R9AL,DX01,1
R9AL,DX03,1
R9AL,EF01,1
R9AL,EF03,1
R9AL,PGA,1
R9AL,CP08,1
R9AL,CP09,1
R9AR,R9BL,1
R9AR,R9BR,1
R9AR,PHDL,1
R9AR,PHDR,1
R9AR,HOA,1
R9AR,HOB,1
R9AR,PCAL,1
R9AR,PCAR,1
R9AR,PCBR,1
R9AR,SPVL,1
R9AR,PVV,1
R9AR,PVX,1
R9AR,PVY,1
R9AR,EF02,1
R9AR,CA04,1
R9AR,CA05,1
R9AR,CP02,1
R9AR,CP07,1
R9AR,CP08,1
R9AR,CP09,1
R9BL,R9BL,1
R9BL,R9BR,1
R9BL,PVV,1
R9BL,DX02,1
R9BL,EF01,1
R9BL,EF02,1
R9BL,EF03,1
R9BL,PGA,1
R9BL,CP09,1
R9BR,R9BR,1
R9BR,PHDR,1
R9BR,PVV,1
R9BR,PVX,1
R9BR,EF01,1
R9BR,EF02,1
R9BR,PGA,1
R9BR,CA04,1
R9BR,CP07,1
R9BR,CP08,1
R9BR,CP09,1
PHDL,PHDR,1
PHDL,HOB,1
PHDL,PCAL,1
PHDL,PVV,1
PHDL,PVX,1
PHDL,PVY,1
PHDL,DX03,1
PHDL,EF01,1
PHDL,EF03,1
PHDL,PGA,1
PHDL,CP01,1
PHDL,CP08,1
PHDL,CP09,1
PHDR,PCCR,1
PHDR,SPDR,1
PHDR,SPVR,1
PHDR,PVV,1
PHDR,PVX,1
PHDR,EF01,1
PHDR,EF02,1
PHDR,EF03,1
HOA,HOB,1
HOA,PCAL,1
HOA,PCAR,1
HOA,PCBR,1
HOA,PVV,1
HOA,PVY,1
HOA,PVZ,1
HOA,DVF,1
HOA,DX01,1
HOA,DX02,1
HOA,DX03,1
HOA,PDC,1
HOA,PGA,1
HOA,CA07,1
HOA,CP01,1
HOA,CP02,1
HOA,CP04,1
HOA,CP09,1
HOB,HOB,1
HOB,PCAL,1
HOB,PCAR,1
HOB,PCBL,1
HOB,PCBR,1
HOB,PCCR,1
HOB,SPCL,1
HOB,SPCR,1
HOB,SPDL,1
HOB,SPDR,1
HOB,SPVL,1
HOB,PVV,1
HOB,PVY,1
HOB,PVZ,1
HOB,DVE,1
HOB,DVF,1
HOB,DX01,1
HOB,DX02,1
HOB,DX03,1
HOB,EF01,1
HOB,EF02,1
HOB,EF03,1
HOB,CA05,1
HOB,CA06,1
HOB,CP01,1
HOB,CP02,1
HOB,CP03,1
HOB,CP04,1
HOB,CP05,1
HOB,CP06,1
PCAL,PCAL,1
PCAL,PCAR,1
PCAL,PCBL,1
PCAL,PVV,1
PCAL,PVX,1
PCAL,DVE,1
PCAL,DX01,1
PCAL,DX03,1
PCAL,CA06,1
PCAL,CP01,1
PCAL,CP02,1
PCAL,CP03,1
PCAL,CP04,1
PCAL,CP05,1
PCAL,CP07,1
PCAL,CP08,1
PCAL,CP09,1
PCAR,PCBR,1
PCAR,PVV,1
PCAR,PVX,1
PCAR,PVY,1
PCAR,DX02,1
PCAR,CA05,1
PCAR,CA06,1
PCAR,CP06,1
PCAR,CP07,1
PCAR,CP08,1
PCBL,PCBR,1
PCBL,PCCL,1
PCBL,PCCR,1
PCBL,SPCL,1
PCBL,PVX,1
PCBL,PVY,1
PCBL,PVZ,1
PCBL,DVF,1
PCBL,DX01,1
PCBL,DX03,1
PCBL,CA06,1
PCBL,CP02,1
PCBL,CP03,1
PCBL,CP04,1
PCBL,CP05,1
PCBL,CP06,1
PCBL,CP07,1
PCBR,PCCR,1
PCBR,SPCR,1
PCBR,PVV,1
PCBR,PVX,1
PCBR,PVY,1
PCBR,PVZ,1
PCBR,EF02,1
PCBR,CA05,1
PCBR,CA06,1
PCBR,CP04,1
PCBR,CP09,1
PCCL,PCCR,1
PCCL,SPCL,1
PCCL,SPCR,1
PCCL,SPVR,1
PCCL,DVF,1
PCCL,DX03,1
PCCL,CA05,1
PCCL,CP05,1
PCCL,CP06,1
PCCR,SPCR,1
PCCR,SPVL,1
PCCR,DVE,1
PCCR,CA05,1
PCCR,CA06,1
PCCR,CP04,1
PCCR,CP05,1
PCCR,CP06,1
SPCL,PVZ,1
SPCL,DVF,1
SPCL,DX03,1
SPCL,CA05,1
SPCL,CA06,1
SPCL,CP05,1
SPCL,CP06,1
SPCR,SPDR,1
SPCR,SPVR,1
SPCR,DVE,1
SPCR,CA04,1
SPCR,CA05,1
SPCR,CA06,1
SPCR,CP01,1
SPCR,CP04,1
SPCR,CP05,1
SPCR,CP06,1
SPDL,SPDR,1
SPDL,SPVL,1
SPDL,SPVR,1
SPDL,PVZ,1
SPDL,PGA,1
SPDL,CA05,1
SPDL,CA06,1
SPDL,CP01,1
SPDL,CP02,1
SPDL,CP03,1
SPDL,CP09,1
SPDR,SPVL,1
SPDR,SPVR,1
SPDR,PVZ,1
SPDR,CA05,1
SPDR,CP02,1
SPDR,CP03,1
SPDR,CP04,1
SPVL,SPVR,1
SPVL,PVV,1
SPVL,PVY,1
SPVL,PVZ,1
SPVL,DVE,1
SPVL,DVF,1
SPVL,CA05,1
SPVL,CP05,1
SPVL,CP06,1
SPVR,PVV,1
SPVR,PVZ,1
SPVR,DVE,1
SPVR,DVF,1
SPVR,EF01,1
SPVR,CA05,1
SPVR,CA07,1
SPVR,CP04,1
SPVR,CP06,1
SPVR,CP09,1
PVV,PVV,1
PVV,PVX,1
PVV,PVY,1
PVV,PVZ,1
PVV,DVF,1
PVV,DX02,1
PVV,EF02,1
PVV,PDC,1
PVV,CA04,1
PVV,CP07,1
PVV,CP08,1
PVV,CP09,1
PVX,PVY,1
PVX,PGA,1
PVX,CA05,1
PVX,CP07,1
PVX,CP08,1
PVX,CP09,1
PVY,PVY,1
PVY,EF03,1
PVZ,DVF,1
PVZ,DX02,1
PVZ,EF02,1
PVZ,CA05,1
PVZ,CA06,1
PVZ,CP01,1
PVZ,CP03,1
PVZ,CP04,1
PVZ,CP05,1
PVZ,CP06,1
PVZ,CP07,1
DVE,DVF,1
DVE,DX03,1
DVE,EF01,1
DVE,EF02,1
DVE,EF03,1
DVE,PGA,1
DVE,CA03,1
DVE,CA06,1
DVE,CP04,1
DVE,CP05,1
DVE,CP06,1
DVE,CP07,1
DVE,CP08,1
DVE,CP09,1
DVF,EF01,1
DVF,CA03,1
DVF,CA05,1
DVF,CP02,1
DVF,CP04,1
DVF,CP05,1
DVF,CP06,1
DVF,CP07,1
DVF,CP08,1
DVF,CP09,1
DX01,DX03,1
DX01,CP02,1
DX02,DX02,1
DX02,EF01,1
DX03,EF03,1
DX03,PGA,1
EF01,EF02,1
EF01,EF03,1
EF01,PGA,1
EF01,CP05,1
EF01,CP07,1
EF02,EF02,1
EF02,EF03,1
EF02,PGA,1
EF02,CA05,1
EF02,CA08,1
EF02,CP04,1
EF02,CP06,1
EF02,CP07,1
EF02,CP09,1
EF03,CA09,1
EF03,CP05,1
EF03,CP06,1
EF03,CP07,1
PDC,PDC,1
PDC,PGA,1
PDC,CP09,1
PGA,PGA,1
PGA,CP01,1
PGA,CP07,1
PGA,CP09,1
CA02,CA03,1
CA03,CA05,1
CA03,CP05,1
CA04,CA05,1
CA04,CA07,1
CA04,CP09,1
CA05,CA06,1
CA05,CP01,1
CA05,CP03,1
CA05,CP04,1
CA05,CP05,1
CA06,CP01,1
CA06,CP02,1
CA06,CP03,1
CA06,CP04,1
CA06,CP05,1
CA06,CP06,1
CA07,CA08,1
CA07,CA09,1
CA08,CA08,1
CA08,CA09,1
CA08,CP07,1
CA09,CA09,1
CP01,CP02,1
CP01,CP03,1
CP01,CP05,1
CP01,CP06,1
CP02,CP03,1
CP02,CP04,1
CP03,CP04,1
CP03,CP06,1
CP04,CP05,1
CP04,CP06,1
CP05,CP06,1
CP05,CP07,1
CP07,CP07,1
CP07,CP09,1
CP08,CP09,1
CP09,CP09,1
